genus,temp,relative_abundance,Family,Order,Class,Phylum
Methyloversatilis,51.3,0.0408257232752666,Rhodocyclaceae,Burkholderiales,Gammaproteobacteria,Proteobacteria
Methyloversatilis,51.3,0.0913512557481429,Rhodocyclaceae,Burkholderiales,Gammaproteobacteria,Proteobacteria
Methyloversatilis,51.3,0.0202249744347233,Rhodocyclaceae,Burkholderiales,Gammaproteobacteria,Proteobacteria
Methyloversatilis,51.3,0.1290322580645161,Rhodocyclaceae,Burkholderiales,Gammaproteobacteria,Proteobacteria
Nevskia,51.3,0.0580155014964315,Nevskiaceae,Nevskiales,Gammaproteobacteria,Proteobacteria
Nevskia,51.3,0.0030951538733639,Nevskiaceae,Nevskiales,Gammaproteobacteria,Proteobacteria
Pir4 lineage,51.3,0.0129112133003183,Unknown,Unknown,Unknown,Unknown
SM1A02,51.3,0.0111273117949505,SM1A02,Phycisphaerales,Phycisphaerae,Planctomycetota
Bradyrhizobium,51.3,0.0078274882971375,Xanthobacteraceae,Rhizobiales,Alphaproteobacteria,Proteobacteria
Bradyrhizobium,51.3,0.0048858084308601,Xanthobacteraceae,Rhizobiales,Alphaproteobacteria,Proteobacteria
Rhodococcus,51.3,0.005525285856803,Unknown,Unknown,Unknown,Unknown
Rhodococcus,51.3,0.0062787407145383,Unknown,Unknown,Unknown,Unknown
Staphylococcus,51.3,0.0071582774684694,Staphylococcaceae,Staphylococcales,Bacilli,Firmicutes
Staphylococcus,51.3,0.0103613521564564,Staphylococcaceae,Staphylococcales,Bacilli,Firmicutes
Sulfuritalea,51.3,0.002685902847057,Rhodocyclaceae,Burkholderiales,Gammaproteobacteria,Proteobacteria
Sulfuritalea,51.3,0.0076936681995047,Rhodocyclaceae,Burkholderiales,Gammaproteobacteria,Proteobacteria
Sulfuritalea,51.3,0.07168458781362,Rhodocyclaceae,Burkholderiales,Gammaproteobacteria,Proteobacteria
Acinetobacter,51.3,0.0071582774684694,Moraxellaceae,Pseudomonadales,Gammaproteobacteria,Proteobacteria
Acinetobacter,51.3,0.0099728014505893,Moraxellaceae,Pseudomonadales,Gammaproteobacteria,Proteobacteria
Imperialibacter,51.3,0.0072515033604527,Cyclobacteriaceae,Cytophagales,Bacteroidia,Bacteroidota
Imperialibacter,51.3,0.0060220429496648,Cyclobacteriaceae,Cytophagales,Bacteroidia,Bacteroidota
Imperialibacter,51.3,0.014336917562724,Cyclobacteriaceae,Cytophagales,Bacteroidia,Bacteroidota
Bradyrhizobium,51.3,0.0122037495578351,Xanthobacteraceae,Rhizobiales,Alphaproteobacteria,Proteobacteria
Hyphomicrobium,51.3,0.0156800363595046,Hyphomicrobiaceae,Rhizobiales,Alphaproteobacteria,Proteobacteria
DSSD61,51.3,0.0056787660194919,Unknown,Unknown,Unknown,Unknown
DSSD61,51.3,0.0052266787865015,Unknown,Unknown,Unknown,Unknown
DSSD61,51.3,0.060931899641577,Unknown,Unknown,Unknown,Unknown
oc32,51.3,0.0102831709001611,Unknown,Unknown,Unknown,Unknown
Elstera,51.3,0.0054485457754585,Elsteraceae,Elsterales,Alphaproteobacteria,Proteobacteria
Elstera,51.3,0.0055712769720551,Elsteraceae,Elsterales,Alphaproteobacteria,Proteobacteria
Bradyrhizobium,51.3,0.0084895649097983,Xanthobacteraceae,Rhizobiales,Alphaproteobacteria,Proteobacteria
Bradyrhizobium,51.3,0.0046626084704053,Xanthobacteraceae,Rhizobiales,Alphaproteobacteria,Proteobacteria
Brevundimonas,51.3,0.0040672243112577,Caulobacteraceae,Caulobacterales,Alphaproteobacteria,Proteobacteria
Brevundimonas,51.3,0.0088626292466765,Caulobacteraceae,Caulobacterales,Alphaproteobacteria,Proteobacteria
Reyranella,51.3,0.0023022024403345,Reyranellaceae,Reyranellales,Alphaproteobacteria,Proteobacteria
Reyranella,51.3,0.0081358330385567,Reyranellaceae,Reyranellales,Alphaproteobacteria,Proteobacteria
Reyranella,51.3,0.028673835125448,Reyranellaceae,Reyranellales,Alphaproteobacteria,Proteobacteria
Acidiphilium,51.3,0.0098227304120942,Acetobacteraceae,Acetobacterales,Alphaproteobacteria,Proteobacteria
Diaphorobacter,51.3,0.0161896127444631,Burkholderiaceae,Burkholderiales,Gammaproteobacteria,Proteobacteria
Pseudomonas,51.3,0.0161896127444631,Pseudomonadaceae,Pseudomonadales,Gammaproteobacteria,Proteobacteria
Vulcaniibacterium,51.3,0.0161896127444631,Unknown,Unknown,Unknown,Unknown
Staphylococcus,51.3,0.039426523297491,Staphylococcaceae,Staphylococcales,Bacilli,Firmicutes
Staphylococcus,51.3,0.0146354099209946,Staphylococcaceae,Staphylococcales,Bacilli,Firmicutes
Pseudonocardia,51.3,0.0093622899240273,Pseudonocardiaceae,Mycobacteriales,Actinomycetia,Actinobacteriota
OLB12,51.3,0.0091320696799938,Unknown,Unknown,Unknown,Unknown
Frigidibacter,51.3,0.0046044048806691,Rhodobacteraceae,Rhodobacterales,Alphaproteobacteria,Proteobacteria
Frigidibacter,51.3,0.0050406791651927,Rhodobacteraceae,Rhodobacterales,Alphaproteobacteria,Proteobacteria
Dietzia,51.3,0.0132939438700147,Unknown,Unknown,Unknown,Unknown
Hyphomicrobium,51.3,0.0086716291919269,Hyphomicrobiaceae,Rhizobiales,Alphaproteobacteria,Proteobacteria
SM1A02,51.3,0.0086716291919269,SM1A02,Phycisphaerales,Phycisphaerae,Planctomycetota
Pseudonocardia,51.3,0.0086716291919269,Pseudonocardiaceae,Mycobacteriales,Actinomycetia,Actinobacteriota
Staphylococcus,51.3,0.0019952421149566,Staphylococcaceae,Staphylococcales,Bacilli,Firmicutes
Staphylococcus,51.3,0.0112679704701463,Staphylococcaceae,Staphylococcales,Bacilli,Firmicutes
Nevskia,51.3,0.0439720666103906,Nevskiaceae,Nevskiales,Gammaproteobacteria,Proteobacteria
Afipia,51.3,0.0085948891105824,Xanthobacteraceae,Rhizobiales,Alphaproteobacteria,Proteobacteria
Neochlamydia,51.3,0.0084414089478934,Parachlamydiaceae,Chlamydiales,Chlamydiia,Chlamydiota
Candidatus Berkiella,51.3,0.0042447824548991,Unknown,Unknown,Unknown,Unknown
Candidatus Berkiella,51.3,0.007044654016589,Unknown,Unknown,Unknown,Unknown
Legionella,51.3,0.0124985797068514,Legionellaceae,Legionellales,Gammaproteobacteria,Proteobacteria
Amaricoccus,51.3,0.0122713328030905,Rhodobacteraceae,Rhodobacterales,Alphaproteobacteria,Proteobacteria
Pedomicrobium,51.3,0.0081344486225155,Hyphomicrobiaceae,Rhizobiales,Alphaproteobacteria,Proteobacteria
Pseudonocardia,51.3,0.0065996469956258,Pseudonocardiaceae,Mycobacteriales,Actinomycetia,Actinobacteriota
Pseudonocardia,51.3,0.0016802263883975,Pseudonocardiaceae,Mycobacteriales,Actinomycetia,Actinobacteriota
Legionella,51.3,0.0119304624474491,Legionellaceae,Legionellales,Gammaproteobacteria,Proteobacteria
Planctomicrobium,51.3,0.0115895920918077,Planctomycetaceae,Planctomycetales,Planctomycetia,Planctomycetota
Pseudonocardia,51.3,0.0077507482157931,Pseudonocardiaceae,Mycobacteriales,Actinomycetia,Actinobacteriota
Neochlamydia,51.3,0.0077507482157931,Parachlamydiaceae,Chlamydiales,Chlamydiia,Chlamydiota
Dietzia,51.3,0.0113623451880468,Unknown,Unknown,Unknown,Unknown
MM2,51.3,0.0128221732936148,Methylophilaceae,Burkholderiales,Gammaproteobacteria,Proteobacteria
Acinetobacter,51.3,0.0126926563916591,Moraxellaceae,Pseudomonadales,Gammaproteobacteria,Proteobacteria
oc32,51.3,0.0074437878904151,Unknown,Unknown,Unknown,Unknown
Planctopirus,51.3,0.0110214748324054,Planctomycetaceae,Planctomycetales,Planctomycetia,Planctomycetota
Planctopirus,51.3,0.0110214748324054,Planctomycetaceae,Planctomycetales,Planctomycetia,Planctomycetota
Acidiphilium,51.3,0.0073670478090706,Acetobacteraceae,Acetobacterales,Alphaproteobacteria,Proteobacteria
SWB02,51.3,0.0109078513805249,Unknown,Unknown,Unknown,Unknown
Rubinisphaera,51.3,0.0496993279094446,Planctomycetaceae,Planctomycetales,Planctomycetia,Planctomycetota
Shinella,51.3,0.0075168022638839,Rhizobiaceae,Rhizobiales,Alphaproteobacteria,Proteobacteria
Shinella,51.3,0.0010226110669242,Rhizobiaceae,Rhizobiales,Alphaproteobacteria,Proteobacteria
Pseudomonas,51.3,0.0121745887838362,Pseudomonadaceae,Pseudomonadales,Gammaproteobacteria,Proteobacteria
Acinetobacter,51.3,0.0119155549799248,Moraxellaceae,Pseudomonadales,Gammaproteobacteria,Proteobacteria
Nitrospira,51.3,0.0103397341211226,Nitrospiraceae,Nitrospirales,Nitrospiria,Nitrospirota
Pseudonocardia,51.3,0.0069066073210037,Pseudonocardiaceae,Mycobacteriales,Actinomycetia,Actinobacteriota
Brevundimonas,51.3,0.0031463433351239,Caulobacteraceae,Caulobacterales,Alphaproteobacteria,Proteobacteria
Brevundimonas,51.3,0.0043332154227095,Caulobacteraceae,Caulobacterales,Alphaproteobacteria,Proteobacteria
Haliscomenobacter,51.3,0.0013813214642007,Saprospiraceae,Chitinophagales,Bacteroidia,Bacteroidota
Haliscomenobacter,51.3,0.0063671736823487,Saprospiraceae,Chitinophagales,Bacteroidia,Bacteroidota
Paracoccus,51.3,0.0051415854500805,Unknown,Unknown,Unknown,Unknown
Paracoccus,51.3,0.0022724690376093,Unknown,Unknown,Unknown,Unknown
Tundrisphaera,51.3,0.0013045813828562,Unknown,Unknown,Unknown,Unknown
Tundrisphaera,51.3,0.0061903077467279,Unknown,Unknown,Unknown,Unknown
Corynebacterium,51.3,0.0112679704701463,Mycobacteriaceae,Mycobacteriales,Actinomycetia,Actinobacteriota
Planctopirus,51.3,0.0097716168617202,Planctomycetaceae,Planctomycetales,Planctomycetia,Planctomycetota
Hyphomicrobium,51.3,0.0064461668329368,Hyphomicrobiaceae,Rhizobiales,Alphaproteobacteria,Proteobacteria
Bauldia,51.3,0.0095443699579593,Kaistiaceae,Rhizobiales,Alphaproteobacteria,Proteobacteria
Inquilinus,51.3,0.0006906607321003,Inquilinaceae,Unknown,Alphaproteobacteria,Proteobacteria
Inquilinus,51.3,0.0082945119872741,Inquilinaceae,Unknown,Alphaproteobacteria,Proteobacteria
Acinetobacter,51.3,0.0106203859603678,Moraxellaceae,Pseudomonadales,Gammaproteobacteria,Proteobacteria
Acinetobacter,51.3,0.0106203859603678,Moraxellaceae,Pseudomonadales,Gammaproteobacteria,Proteobacteria
Desulfosporosinus,51.3,0.0028393830097459,Desulfitobacteriaceae,Desulfitobacteriales,Desulfitobacteriia,Firmicutes_B
Desulfosporosinus,51.3,0.0021223912274495,Desulfitobacteriaceae,Desulfitobacteriales,Desulfitobacteriia,Firmicutes_B
Desulfosporosinus,51.3,0.0022724690376093,Desulfitobacteriaceae,Desulfitobacteriales,Desulfitobacteriia,Firmicutes_B
Nevskia,51.3,0.0420535645767784,Nevskiaceae,Nevskiales,Gammaproteobacteria,Proteobacteria
Paracoccus,51.3,0.0061392065075588,Unknown,Unknown,Unknown,Unknown
Gemmata,51.3,0.0090898761504374,Gemmataceae,Gemmatales,Planctomycetia,Planctomycetota
Xanthobacter,51.3,0.0060624664262144,Xanthobacteraceae,Rhizobiales,Alphaproteobacteria,Proteobacteria
Xanthobacter,51.3,0.0069862044570215,Xanthobacteraceae,Rhizobiales,Alphaproteobacteria,Proteobacteria
Sediminibacterium,51.3,0.0034488857446055,Chitinophagaceae,Chitinophagales,Bacteroidia,Bacteroidota
Sediminibacterium,51.3,0.0044313146233382,Chitinophagaceae,Chitinophagales,Bacteroidia,Bacteroidota
Bauldia,51.3,0.0088626292466765,Kaistiaceae,Rhizobiales,Alphaproteobacteria,Proteobacteria
Amaricoccus,51.3,0.0088626292466765,Rhodobacteraceae,Rhodobacterales,Alphaproteobacteria,Proteobacteria
Acinetobacter,51.3,0.010102318352545,Moraxellaceae,Pseudomonadales,Gammaproteobacteria,Proteobacteria
Chryseolinea,51.3,0.0012278413015117,Cyclobacteriaceae,Cytophagales,Bacteroidia,Bacteroidota
Chryseolinea,51.3,0.0053944110364343,Cyclobacteriaceae,Cytophagales,Bacteroidia,Bacteroidota
Chthonobacter,51.3,0.008749005794796,Pleomorphomonadaceae,Rhizobiales,Alphaproteobacteria,Proteobacteria
Pir4 lineage,51.3,0.008749005794796,Unknown,Unknown,Unknown,Unknown
Rubinisphaera,51.3,0.0421825256455606,Planctomycetaceae,Planctomycetales,Planctomycetia,Planctomycetota
Lysinimonas,51.3,0.0058322461821809,Microbacteriaceae,Actinomycetales,Actinomycetia,Actinobacteriota
Bradyrhizobium,51.3,0.0057555061008364,Xanthobacteraceae,Rhizobiales,Alphaproteobacteria,Proteobacteria
Pseudonocardia,51.3,0.0085217588910351,Pseudonocardiaceae,Mycobacteriales,Actinomycetia,Actinobacteriota
Acinetobacter,51.3,0.0097137676466778,Moraxellaceae,Pseudomonadales,Gammaproteobacteria,Proteobacteria
Bradyrhizobium,51.3,0.0056787660194919,Xanthobacteraceae,Rhizobiales,Alphaproteobacteria,Proteobacteria
Planctopirus,51.3,0.0084081354391546,Planctomycetaceae,Planctomycetales,Planctomycetia,Planctomycetota
Candidatus Tenderia,51.3,0.0084081354391546,Unknown,Unknown,Unknown,Unknown
Acinetobacter,51.3,0.0593187410957129,Moraxellaceae,Pseudomonadales,Gammaproteobacteria,Proteobacteria
SM1A02,51.3,0.0057481429076759,SM1A02,Phycisphaerales,Phycisphaerae,Planctomycetota
SM1A02,51.3,0.0007953641631632,SM1A02,Phycisphaerales,Phycisphaerae,Planctomycetota
Brachybacterium,51.3,0.0081808885353937,Dermabacteraceae,Actinomycetales,Actinomycetia,Actinobacteriota
Chthonobacter,51.3,0.0081808885353937,Pleomorphomonadaceae,Rhizobiales,Alphaproteobacteria,Proteobacteria
Sediminibacterium,51.3,0.0039137441485687,Chitinophagaceae,Chitinophagales,Bacteroidia,Bacteroidota
Sediminibacterium,51.3,0.0025903380391141,Chitinophagaceae,Chitinophagales,Bacteroidia,Bacteroidota
Amaricoccus,51.3,0.0080672650835132,Rhodobacteraceae,Rhodobacterales,Alphaproteobacteria,Proteobacteria
SM1A02,51.3,0.0005371805694114,SM1A02,Phycisphaerales,Phycisphaerae,Planctomycetota
SM1A02,51.3,0.0055712769720551,SM1A02,Phycisphaerales,Phycisphaerae,Planctomycetota
Acinetobacter,51.3,0.0007074637424831,Moraxellaceae,Pseudomonadales,Gammaproteobacteria,Proteobacteria
Acinetobacter,51.3,0.056210335448776,Moraxellaceae,Pseudomonadales,Gammaproteobacteria,Proteobacteria
Schlesneria,51.3,0.0004604404880669,Planctomycetaceae,Planctomycetales,Planctomycetia,Planctomycetota
Schlesneria,51.3,0.0056597099398655,Planctomycetaceae,Planctomycetales,Planctomycetia,Planctomycetota
Pseudomonas,51.3,0.0090661831368993,Pseudomonadaceae,Pseudomonadales,Gammaproteobacteria,Proteobacteria
Pseudomonas,51.3,0.0090661831368993,Pseudomonadaceae,Pseudomonadales,Gammaproteobacteria,Proteobacteria
OM27 clade,51.3,0.0052950656127695,Unknown,Unknown,Unknown,Unknown
SM1A02,51.3,0.005218325531425,SM1A02,Phycisphaerales,Phycisphaerae,Planctomycetota
Sulfuritalea,51.3,0.0334586754661959,Rhodocyclaceae,Burkholderiales,Gammaproteobacteria,Proteobacteria
Planctopirus,51.3,0.0077263947278718,Planctomycetaceae,Planctomycetales,Planctomycetia,Planctomycetota
Tepidiphilus,51.3,0.0088071493329879,Rhodocyclaceae,Burkholderiales,Gammaproteobacteria,Proteobacteria
Armatimonas,51.3,0.0043741846366357,Armatimonadaceae,Armatimonadales,Armatimonadia,Armatimonadota
Armatimonas,51.3,0.0008843296781039,Armatimonadaceae,Armatimonadales,Armatimonadia,Armatimonadota
Tepidimonas,51.3,0.0086776324310322,Burkholderiaceae,Burkholderiales,Gammaproteobacteria,Proteobacteria
Hyphomicrobium,51.3,0.005064845368736,Hyphomicrobiaceae,Rhizobiales,Alphaproteobacteria,Proteobacteria
Cutibacterium,51.3,0.0042974445552912,Propionibacteriaceae,Propionibacteriales,Actinomycetia,Actinobacteriota
Cutibacterium,51.3,0.0021223912274495,Propionibacteriaceae,Propionibacteriales,Actinomycetia,Actinobacteriota
Cutibacterium,51.3,0.0130666969662538,Propionibacteriaceae,Propionibacteriales,Actinomycetia,Actinobacteriota
Cutibacterium,51.3,0.0283642015282994,Propionibacteriaceae,Propionibacteriales,Actinomycetia,Actinobacteriota
Neochlamydia,51.3,0.005064845368736,Parachlamydiaceae,Chlamydiales,Chlamydiia,Chlamydiota
Amaricoccus,51.3,0.0074991478241108,Rhodobacteraceae,Rhodobacterales,Alphaproteobacteria,Proteobacteria
Pseudaminobacter,51.3,0.0074991478241108,Rhizobiaceae,Rhizobiales,Alphaproteobacteria,Proteobacteria
Pseudoxanthobacter,51.3,0.0049881052873916,Pseudoxanthobacteraceae,Rhizobiales,Alphaproteobacteria,Proteobacteria
Nitrospira,51.3,0.0049881052873916,Nitrospiraceae,Nitrospirales,Nitrospiria,Nitrospirota
Xanthobacter,51.3,0.0057481429076759,Xanthobacteraceae,Rhizobiales,Alphaproteobacteria,Proteobacteria
Amaricoccus,51.3,0.0073855243722304,Rhodobacteraceae,Rhodobacterales,Alphaproteobacteria,Proteobacteria
Acinetobacter,51.3,0.0532314467037948,Moraxellaceae,Pseudomonadales,Gammaproteobacteria,Proteobacteria
Brevundimonas,51.3,0.0073855243722304,Caulobacteraceae,Caulobacterales,Alphaproteobacteria,Proteobacteria
Pseudoxanthobacter,51.3,0.0073855243722304,Pseudoxanthobacteraceae,Rhizobiales,Alphaproteobacteria,Proteobacteria
Tissierella,51.3,0.0084185986271208,Tissierellaceae,Tissierellales,Clostridia,Firmicutes_A
Shinella,51.3,0.0048346251247026,Rhizobiaceae,Rhizobiales,Alphaproteobacteria,Proteobacteria
Brachybacterium,51.3,0.0071582774684694,Dermabacteraceae,Actinomycetales,Actinomycetia,Actinobacteriota
Reyranella,51.3,0.0071582774684694,Reyranellaceae,Reyranellales,Alphaproteobacteria,Proteobacteria
Brevundimonas,51.3,0.0047578850433581,Caulobacteraceae,Caulobacterales,Alphaproteobacteria,Proteobacteria
Bdellovibrio,51.3,0.0054828440042447,Bdellovibrionaceae,Bdellovibrionales,Bdellovibrionia,Bdellovibrionota
Pedomicrobium,51.3,0.007044654016589,Hyphomicrobiaceae,Rhizobiales,Alphaproteobacteria,Proteobacteria
Amaricoccus,51.3,0.007044654016589,Rhodobacteraceae,Rhodobacterales,Alphaproteobacteria,Proteobacteria
Pir4 lineage,51.3,0.007044654016589,Unknown,Unknown,Unknown,Unknown
Hirschia,51.3,0.007044654016589,Hyphomonadaceae,Caulobacterales,Alphaproteobacteria,Proteobacteria
Geminicoccus,51.3,0.007044654016589,Geminicoccaceae,Geminicoccales,Alphaproteobacteria,Proteobacteria
Tepidimonas,51.3,0.0080300479212537,Burkholderiaceae,Burkholderiales,Gammaproteobacteria,Proteobacteria
Rubinisphaera,51.3,0.0333392288645207,Planctomycetaceae,Planctomycetales,Planctomycetia,Planctomycetota
Acidiphilium,51.3,0.0046811449620136,Acetobacteraceae,Acetobacterales,Alphaproteobacteria,Proteobacteria
Acinetobacter,51.3,0.007900531019298,Moraxellaceae,Pseudomonadales,Gammaproteobacteria,Proteobacteria
Brevundimonas,51.3,0.0045276647993246,Caulobacteraceae,Caulobacterales,Alphaproteobacteria,Proteobacteria
Edaphobaculum,51.3,0.0067037836609476,Unknown,Unknown,Unknown,Unknown
Sphingomonas,51.3,0.0044509247179802,Sphingomonadaceae,Sphingomonadales,Alphaproteobacteria,Proteobacteria
Methyloversatilis,51.3,0.0310029928631724,Rhodocyclaceae,Burkholderiales,Gammaproteobacteria,Proteobacteria
Methyloversatilis,51.3,0.0764945171559957,Rhodocyclaceae,Burkholderiales,Gammaproteobacteria,Proteobacteria
Methyloversatilis,51.3,0.0097137676466778,Rhodocyclaceae,Burkholderiales,Gammaproteobacteria,Proteobacteria
Nevskia,51.3,0.0283938300974599,Nevskiaceae,Nevskiales,Gammaproteobacteria,Proteobacteria
Candidatus Alysiosphaera,51.3,0.0065901602090671,Unknown,Unknown,Unknown,Unknown
Chthonobacter,51.3,0.0065901602090671,Pleomorphomonadaceae,Rhizobiales,Alphaproteobacteria,Proteobacteria
Pseudonocardia,51.3,0.0042040677195773,Pseudonocardiaceae,Mycobacteriales,Actinomycetia,Actinobacteriota
Pseudonocardia,51.3,0.075268817204301,Pseudonocardiaceae,Mycobacteriales,Actinomycetia,Actinobacteriota
Caulobacter,51.3,0.0043741846366357,Caulobacteraceae,Caulobacterales,Alphaproteobacteria,Proteobacteria
Leptospira,51.3,0.0064765367571866,Leptospiraceae,Leptospirales,Leptospirae,Spirochaetota
Janthinobacterium,51.3,0.0073824634114751,Burkholderiaceae,Burkholderiales,Gammaproteobacteria,Proteobacteria
Chthoniobacter,51.3,0.0284754156349487,Chthoniobacteraceae,Chthoniobacterales,Verrucomicrobiae,Verrucomicrobiota
Chthoniobacter,51.3,0.0036359504601749,Chthoniobacteraceae,Chthoniobacterales,Verrucomicrobiae,Verrucomicrobiota
Chthoniobacter,51.3,0.0010361352156456,Chthoniobacteraceae,Chthoniobacterales,Verrucomicrobiae,Verrucomicrobiota
Hirschia,51.3,0.0042974445552912,Hyphomonadaceae,Caulobacterales,Alphaproteobacteria,Proteobacteria
SM1A02,51.3,0.0049522461973823,SM1A02,Phycisphaerales,Phycisphaerae,Planctomycetota
Leptothrix,51.3,0.0027414220021223,Unknown,Unknown,Unknown,Unknown
Leptothrix,51.3,0.0028405862970117,Unknown,Unknown,Unknown,Unknown
Streptococcus,51.3,0.0071234296075637,Streptococcaceae,Lactobacillales,Bacilli,Firmicutes
SM1A02,51.3,0.0061356664015452,SM1A02,Phycisphaerales,Phycisphaerae,Planctomycetota
Roseomonas,51.3,0.0060220429496648,Acetobacteraceae,Acetobacterales,Alphaproteobacteria,Proteobacteria
Chelatococcus,51.3,0.0039904842299132,Beijerinckiaceae,Rhizobiales,Alphaproteobacteria,Proteobacteria
Pedomicrobium,51.3,0.0039904842299132,Hyphomicrobiaceae,Rhizobiales,Alphaproteobacteria,Proteobacteria
Candidatus Bealeia,51.3,0.0045985143261407,Unknown,Unknown,Unknown,Unknown
Immundisolibacter,51.3,0.0059084194977843,Immundisolibacteraceae,Immundisolibacterales,Gammaproteobacteria,Proteobacteria
Acidovorax,51.3,0.0457194663903639,Burkholderiaceae,Burkholderiales,Gammaproteobacteria,Proteobacteria
Brevundimonas,51.3,0.0039137441485687,Caulobacteraceae,Caulobacterales,Alphaproteobacteria,Proteobacteria
Afipia,51.3,0.0039137441485687,Xanthobacteraceae,Rhizobiales,Alphaproteobacteria,Proteobacteria
Sandaracinus,51.3,0.0039137441485687,Sandaracinaceae,Polyangiales,Polyangia,Myxococcota
Candidatus Obscuribacter,51.3,0.0057947960459038,Unknown,Unknown,Unknown,Unknown
Pseudomonas,51.3,0.0066053619997409,Pseudomonadaceae,Pseudomonadales,Gammaproteobacteria,Proteobacteria
Marisediminicola,51.3,0.0038370040672243,Microbacteriaceae,Actinomycetales,Actinomycetia,Actinobacteriota
Candidatus Omnitrophus,51.3,0.0032998234978129,Unknown,Unknown,Unknown,Unknown
Candidatus Omnitrophus,51.3,0.0007953641631632,Unknown,Unknown,Unknown,Unknown
Acinetobacter,51.3,0.0457194663903639,Moraxellaceae,Pseudomonadales,Gammaproteobacteria,Proteobacteria
Hirschia,51.3,0.0056811725940234,Hyphomonadaceae,Caulobacterales,Alphaproteobacteria,Proteobacteria
Hyphomicrobium,51.3,0.0056811725940234,Hyphomicrobiaceae,Rhizobiales,Alphaproteobacteria,Proteobacteria
Pajaroellobacter,51.3,0.0037602639858798,Polyangiaceae,Polyangiales,Polyangia,Myxococcota
Sulfurifustis,51.3,0.0037602639858798,Sulfurifustaceae,Acidiferrobacterales,Gammaproteobacteria,Proteobacteria
P3OB-42,51.3,0.0037602639858798,Unknown,Unknown,Unknown,Unknown
Prosthecobacter,51.3,0.0055675491421429,Verrucomicrobiaceae,Verrucomicrobiales,Verrucomicrobiae,Verrucomicrobiota
Pir4 lineage,51.3,0.0055675491421429,Unknown,Unknown,Unknown,Unknown
DSSD61,51.3,0.0118179725270508,Unknown,Unknown,Unknown,Unknown
DSSD61,51.3,0.0146798726565263,Unknown,Unknown,Unknown,Unknown
DSSD61,51.3,0.0033674394508483,Unknown,Unknown,Unknown,Unknown
Segetibacter,51.3,0.0063463281958295,Chitinophagaceae,Chitinophagales,Bacteroidia,Bacteroidota
Candidatus Protochlamydia,51.3,0.0036835239045353,Unknown,Unknown,Unknown,Unknown
Bradyrhizobium,51.3,0.0036835239045353,Xanthobacteraceae,Rhizobiales,Alphaproteobacteria,Proteobacteria
Prosthecobacter,51.3,0.0033765635791573,Verrucomicrobiaceae,Verrucomicrobiales,Verrucomicrobiae,Verrucomicrobiota
Prosthecobacter,51.3,0.0005180676078228,Verrucomicrobiaceae,Verrucomicrobiales,Verrucomicrobiae,Verrucomicrobiota
Brevundimonas,51.3,0.0054539256902624,Caulobacteraceae,Caulobacterales,Alphaproteobacteria,Proteobacteria
Rheinheimera,51.3,0.0062168112938738,Alteromonadaceae,Enterobacterales,Gammaproteobacteria,Proteobacteria
Flavobacterium,51.3,0.0302440749911567,Flavobacteriaceae,Flavobacteriales,Bacteroidia,Bacteroidota
Sphingobacterium,51.3,0.0062168112938738,Sphingobacteriaceae,Sphingobacteriales,Bacteroidia,Bacteroidota
Pseudomonas,51.3,0.0062168112938738,Pseudomonadaceae,Pseudomonadales,Gammaproteobacteria,Proteobacteria
Leptothrix,51.3,0.0036067838231908,Unknown,Unknown,Unknown,Unknown
Sphingopyxis,51.3,0.0036067838231908,Sphingomonadaceae,Sphingomonadales,Alphaproteobacteria,Proteobacteria
Coxiella,51.3,0.0036067838231908,Unknown,Unknown,Unknown,Unknown
Planctopirus,51.3,0.0041563494870887,Planctomycetaceae,Planctomycetales,Planctomycetia,Planctomycetota
Polaromonas,51.3,0.0060872943919181,Burkholderiaceae,Burkholderiales,Gammaproteobacteria,Proteobacteria
Altererythrobacter,51.3,0.0060872943919181,Erythrobacteraceae,Sphingomonadales,Alphaproteobacteria,Proteobacteria
Devosia,51.3,0.0035300437418463,Devosiaceae,Rhizobiales,Alphaproteobacteria,Proteobacteria
Neochlamydia,51.3,0.0035300437418463,Parachlamydiaceae,Chlamydiales,Chlamydiia,Chlamydiota
SM1A02,51.3,0.0040679165192783,SM1A02,Phycisphaerales,Phycisphaerae,Planctomycetota
Legionella,51.3,0.0052266787865015,Legionellaceae,Legionellales,Gammaproteobacteria,Proteobacteria
Rhodococcus,51.3,0.0160386770009976,Unknown,Unknown,Unknown,Unknown
Rhodococcus,51.3,0.010680604476764,Unknown,Unknown,Unknown,Unknown
Rhodococcus,51.3,0.0024608211371583,Unknown,Unknown,Unknown,Unknown
Cloacibacterium,51.3,0.0059577774899624,Weeksellaceae,Flavobacteriales,Bacteroidia,Bacteroidota
Bauldia,51.3,0.005113055334621,Kaistiaceae,Rhizobiales,Alphaproteobacteria,Proteobacteria
DSSD61,51.3,0.005113055334621,Unknown,Unknown,Unknown,Unknown
Pir4 lineage,51.3,0.005113055334621,Unknown,Unknown,Unknown,Unknown
Halomonas,51.3,0.0033765635791573,Halomonadaceae,Pseudomonadales,Gammaproteobacteria,Proteobacteria
Sulfuritalea,51.3,0.02463356611158,Rhodocyclaceae,Burkholderiales,Gammaproteobacteria,Proteobacteria
Gemmata,51.3,0.0049994318827405,Gemmataceae,Gemmatales,Planctomycetia,Planctomycetota
Pir4 lineage,51.3,0.0049994318827405,Unknown,Unknown,Unknown,Unknown
Streptococcus,51.3,0.005698743686051,Streptococcaceae,Lactobacillales,Bacilli,Firmicutes
Methylotenera,51.3,0.005698743686051,Methylophilaceae,Burkholderiales,Gammaproteobacteria,Proteobacteria
Capnocytophaga,51.3,0.005698743686051,Flavobacteriaceae,Flavobacteriales,Bacteroidia,Bacteroidota
Terrimonas,51.3,0.0032998234978129,Chitinophagaceae,Chitinophagales,Bacteroidia,Bacteroidota
Mesorhizobium,51.3,0.0048858084308601,Rhizobiaceae,Rhizobiales,Alphaproteobacteria,Proteobacteria
Hydrogenophaga,51.3,0.0048858084308601,Burkholderiaceae,Burkholderiales,Gammaproteobacteria,Proteobacteria
Methyloversatilis,51.3,0.0280101296907374,Rhodocyclaceae,Burkholderiales,Gammaproteobacteria,Proteobacteria
Methyloversatilis,51.3,0.0616377785638486,Rhodocyclaceae,Burkholderiales,Gammaproteobacteria,Proteobacteria
Acinetobacter,51.3,0.0410568579199585,Moraxellaceae,Pseudomonadales,Gammaproteobacteria,Proteobacteria
Pseudonocardia,51.3,0.0048858084308601,Pseudonocardiaceae,Mycobacteriales,Actinomycetia,Actinobacteriota
Aureimonas,51.3,0.0048858084308601,Rhizobiaceae,Rhizobiales,Alphaproteobacteria,Proteobacteria
Devosia,51.3,0.0032230834164684,Devosiaceae,Rhizobiales,Alphaproteobacteria,Proteobacteria
Vogesella,51.3,0.0054397098821396,Chromobacteriaceae,Burkholderiales,Gammaproteobacteria,Proteobacteria
Methylobacillus,51.3,0.0054397098821396,Methylophilaceae,Burkholderiales,Gammaproteobacteria,Proteobacteria
Marisediminicola,51.3,0.0031463433351239,Microbacteriaceae,Actinomycetales,Actinomycetia,Actinobacteriota
RS25G,51.3,0.0031463433351239,Unknown,Unknown,Unknown,Unknown
Amaricoccus,51.3,0.0008441408947893,Rhodobacteraceae,Rhodobacterales,Alphaproteobacteria,Proteobacteria
Amaricoccus,51.3,0.0161832331093031,Rhodobacteraceae,Rhodobacterales,Alphaproteobacteria,Proteobacteria
Amaricoccus,51.3,0.01215770935121,Rhodobacteraceae,Rhodobacterales,Alphaproteobacteria,Proteobacteria
Devosia,51.3,0.0021487222776456,Devosiaceae,Rhizobiales,Alphaproteobacteria,Proteobacteria
Devosia,51.3,0.0011496285815351,Devosiaceae,Rhizobiales,Alphaproteobacteria,Proteobacteria
Lysobacter,51.3,0.0046585615270991,Xanthomonadaceae,Xanthomonadales,Gammaproteobacteria,Proteobacteria
Pir4 lineage,51.3,0.0046585615270991,Unknown,Unknown,Unknown,Unknown
Candidatus Protochlamydia,51.3,0.0029928631724349,Unknown,Unknown,Unknown,Unknown
Brevundimonas,51.3,0.0029928631724349,Caulobacteraceae,Caulobacterales,Alphaproteobacteria,Proteobacteria
Bdellovibrio,51.3,0.0034488857446055,Bdellovibrionaceae,Bdellovibrionales,Bdellovibrionia,Bdellovibrionota
Rhodoferax,51.3,0.0044313146233382,Burkholderiaceae,Burkholderiales,Gammaproteobacteria,Proteobacteria
Gallionella,51.3,0.0029161230910904,Gallionellaceae,Burkholderiales,Gammaproteobacteria,Proteobacteria
Candidatus Nitrotoga,51.3,0.0029161230910904,Unknown,Unknown,Unknown,Unknown
Pseudonocardia,51.3,0.0017650218709231,Pseudonocardiaceae,Mycobacteriales,Actinomycetia,Actinobacteriota
Pseudonocardia,51.3,0.0013264945171559,Pseudonocardiaceae,Mycobacteriales,Actinomycetia,Actinobacteriota
Acinetobacter,51.3,0.0043176911714577,Moraxellaceae,Pseudomonadales,Gammaproteobacteria,Proteobacteria
Acidovorax,51.3,0.0374303846651988,Burkholderiaceae,Burkholderiales,Gammaproteobacteria,Proteobacteria
Gemmata,51.3,0.0043176911714577,Gemmataceae,Gemmatales,Planctomycetia,Planctomycetota
Anoxybacillus,51.3,0.0049216422743167,Anoxybacillaceae,Bacillales,Bacilli,Firmicutes
Pseudonocardia,51.3,0.0049216422743167,Pseudonocardiaceae,Mycobacteriales,Actinomycetia,Actinobacteriota
Methylobacterium-Methylorubrum,51.3,0.0042040677195773,Beijerinckiaceae,Rhizobiales,Alphaproteobacteria,Proteobacteria
Methylibium,51.3,0.0027626429284015,Burkholderiaceae,Burkholderiales,Gammaproteobacteria,Proteobacteria
Planctopirus,51.3,0.0031835868411743,Planctomycetaceae,Planctomycetales,Planctomycetia,Planctomycetota
Pedomicrobium,51.3,0.0040904442676968,Hyphomicrobiaceae,Rhizobiales,Alphaproteobacteria,Proteobacteria
Bradyrhizobium,51.3,0.0039768208158163,Xanthobacteraceae,Rhizobiales,Alphaproteobacteria,Proteobacteria
Mesorhizobium,51.3,0.0039768208158163,Rhizobiaceae,Rhizobiales,Alphaproteobacteria,Proteobacteria
Flavobacterium,51.3,0.0045330915684496,Flavobacteriaceae,Flavobacteriales,Bacteroidia,Bacteroidota
Gemmata,51.3,0.0045330915684496,Gemmataceae,Gemmatales,Planctomycetia,Planctomycetota
Streptococcus,51.3,0.0045330915684496,Streptococcaceae,Lactobacillales,Bacilli,Firmicutes
Pseudomonas,51.3,0.0045330915684496,Pseudomonadaceae,Pseudomonadales,Gammaproteobacteria,Proteobacteria
Brachybacterium,51.3,0.0038631973639359,Dermabacteraceae,Actinomycetales,Actinomycetia,Actinobacteriota
Pseudomonas,51.3,0.0044035746664939,Pseudomonadaceae,Pseudomonadales,Gammaproteobacteria,Proteobacteria
Citricoccus,51.3,0.002532422684368,Micrococcaceae,Actinomycetales,Actinomycetia,Actinobacteriota
Sphingobium,51.3,0.0029182879377431,Sphingomonadaceae,Sphingomonadales,Alphaproteobacteria,Proteobacteria
Pir4 lineage,51.3,0.0024556826030235,Unknown,Unknown,Unknown,Unknown
Schlegelella,51.3,0.0353581142339075,Burkholderiaceae,Burkholderiales,Gammaproteobacteria,Proteobacteria
SH3-11,51.3,0.0024556826030235,Unknown,Unknown,Unknown,Unknown
DEV114,51.3,0.0024556826030235,Unknown,Unknown,Unknown,Unknown
MND1,51.3,0.0024556826030235,Unknown,Unknown,Unknown,Unknown
Candidatus Protochlamydia,51.3,0.0024556826030235,Unknown,Unknown,Unknown,Unknown
Candidatus Obscuribacter,51.3,0.0015348016268897,Unknown,Unknown,Unknown,Unknown
Candidatus Obscuribacter,51.3,0.043010752688172,Unknown,Unknown,Unknown,Unknown
SWB02,51.3,0.0036359504601749,Unknown,Unknown,Unknown,Unknown
Pseudonocardia,51.3,0.002378942521679,Pseudonocardiaceae,Mycobacteriales,Actinomycetia,Actinobacteriota
Mycobacterium,51.3,0.002378942521679,Mycobacteriaceae,Mycobacteriales,Actinomycetia,Actinobacteriota
Immundisolibacter,51.3,0.002378942521679,Immundisolibacteraceae,Immundisolibacterales,Gammaproteobacteria,Proteobacteria
Candidatus Nitrosotenuis,51.3,0.002378942521679,Unknown,Unknown,Unknown,Unknown
Gemmata,51.3,0.002378942521679,Gemmataceae,Gemmatales,Planctomycetia,Planctomycetota
Candidatus Protochlamydia,51.3,0.002378942521679,Unknown,Unknown,Unknown,Unknown
Nitrosospira,51.3,0.0035223270082945,Nitrosomonadaceae,Burkholderiales,Gammaproteobacteria,Proteobacteria
Pseudorhodoplanes,51.3,0.0035223270082945,Xanthobacteraceae,Rhizobiales,Alphaproteobacteria,Proteobacteria
Brachybacterium,51.3,0.0035223270082945,Dermabacteraceae,Actinomycetales,Actinomycetia,Actinobacteriota
Rubrobacter,51.3,0.0035223270082945,Rubrobacteraceae,Rubrobacterales,Rubrobacteria,Actinobacteriota
Brevundimonas,51.3,0.0023022024403345,Caulobacteraceae,Caulobacterales,Alphaproteobacteria,Proteobacteria
Tardiphaga,51.3,0.0026529890343119,Xanthobacteraceae,Rhizobiales,Alphaproteobacteria,Proteobacteria
Legionella,51.3,0.0026529890343119,Legionellaceae,Legionellales,Gammaproteobacteria,Proteobacteria
DSSD61,51.3,0.003408703556414,Unknown,Unknown,Unknown,Unknown
Halomonas,51.3,0.003408703556414,Halomonadaceae,Pseudomonadales,Gammaproteobacteria,Proteobacteria
Prosthecobacter,51.3,0.003408703556414,Verrucomicrobiaceae,Verrucomicrobiales,Verrucomicrobiae,Verrucomicrobiota
Atopostipes,51.3,0.0038855070586711,Carnobacteriaceae,Lactobacillales,Bacilli,Firmicutes
Pseudomonas,51.3,0.0038855070586711,Pseudomonadaceae,Pseudomonadales,Gammaproteobacteria,Proteobacteria
Nitrospira,51.3,0.0025645560665015,Nitrospiraceae,Nitrospirales,Nitrospiria,Nitrospirota
Ferruginibacter,51.3,0.0013264945171559,Chitinophagaceae,Chitinophagales,Bacteroidia,Bacteroidota
Ferruginibacter,51.3,0.0015907283263265,Chitinophagaceae,Chitinophagales,Bacteroidia,Bacteroidota
Pseudonocardia,51.3,0.0068298672396592,Pseudonocardiaceae,Mycobacteriales,Actinomycetia,Actinobacteriota
Pseudonocardia,51.3,0.0087548638132295,Pseudonocardiaceae,Mycobacteriales,Actinomycetia,Actinobacteriota
Pseudonocardia,51.3,0.0090898761504374,Pseudonocardiaceae,Mycobacteriales,Actinomycetia,Actinobacteriota
Chthoniobacter,51.3,0.1039426523297491,Chthoniobacteraceae,Chthoniobacterales,Verrucomicrobiae,Verrucomicrobiota
Candidatus Ovatusbacter,51.3,0.0021487222776456,Unknown,Unknown,Unknown,Unknown
Shinella,51.3,0.0021487222776456,Rhizobiaceae,Rhizobiales,Alphaproteobacteria,Proteobacteria
Tabrizicola,51.3,0.0021487222776456,Rhodobacteraceae,Rhodobacterales,Alphaproteobacteria,Proteobacteria
Mesorhizobium,51.3,0.0024761230986911,Rhizobiaceae,Rhizobiales,Alphaproteobacteria,Proteobacteria
Marinoscillum,51.3,0.0031814566526531,Cyclobacteriaceae,Cytophagales,Bacteroidia,Bacteroidota
Flavobacterium,51.3,0.0236116024053767,Flavobacteriaceae,Flavobacteriales,Bacteroidia,Bacteroidota
Brevundimonas,51.3,0.0031814566526531,Caulobacteraceae,Caulobacterales,Alphaproteobacteria,Proteobacteria
Terrimicrobium,51.3,0.0031814566526531,Terrimicrobiaceae,Chthoniobacterales,Verrucomicrobiae,Verrucomicrobiota
Ottowia,51.3,0.0036264732547597,Burkholderiaceae,Burkholderiales,Gammaproteobacteria,Proteobacteria
Rhizorhapis,51.3,0.0020719821963011,Sphingomonadaceae,Sphingomonadales,Alphaproteobacteria,Proteobacteria
Microbacterium,51.3,0.0020719821963011,Microbacteriaceae,Actinomycetales,Actinomycetia,Actinobacteriota
Bryobacter,51.3,0.0020719821963011,Bryobacteraceae,Bryobacterales,Acidobacteriae,Acidobacteriota
Bythopirellula,51.3,0.0030678332007726,Lacipirellulaceae,Pirellulales,Planctomycetia,Planctomycetota
Eikenella,51.3,0.003496956352804,Neisseriaceae,Burkholderiales,Gammaproteobacteria,Proteobacteria
Nitrosospira,51.3,0.0019952421149566,Nitrosomonadaceae,Burkholderiales,Gammaproteobacteria,Proteobacteria
Planctopirus,51.3,0.0019952421149566,Planctomycetaceae,Planctomycetales,Planctomycetia,Planctomycetota
Aminobacter,51.3,0.0008441408947893,Rhizobiaceae,Rhizobiales,Alphaproteobacteria,Proteobacteria
Aminobacter,51.3,0.0004421648390519,Rhizobiaceae,Rhizobiales,Alphaproteobacteria,Proteobacteria
Aminobacter,51.3,0.0011362345188046,Rhizobiaceae,Rhizobiales,Alphaproteobacteria,Proteobacteria
Haliscomenobacter,51.3,0.0029542097488921,Saprospiraceae,Chitinophagales,Bacteroidia,Bacteroidota
Streptococcus,51.3,0.0029542097488921,Streptococcaceae,Lactobacillales,Bacilli,Firmicutes
Cereibacter,51.3,0.0029542097488921,Rhodobacteraceae,Rhodobacterales,Alphaproteobacteria,Proteobacteria
Nitrospira,51.3,0.0029542097488921,Nitrospiraceae,Nitrospirales,Nitrospiria,Nitrospirota
Methylophilus,51.3,0.0033674394508483,Methylophilaceae,Burkholderiales,Gammaproteobacteria,Proteobacteria
Bdellovibrio,51.3,0.0022108241952599,Bdellovibrionaceae,Bdellovibrionales,Bdellovibrionia,Bdellovibrionota
SWB02,51.3,0.0028405862970117,Unknown,Unknown,Unknown,Unknown
Lacunisphaera,51.3,0.0028405862970117,Opitutaceae,Opitutales,Verrucomicrobiae,Verrucomicrobiota
SWB02,51.3,0.0028405862970117,Unknown,Unknown,Unknown,Unknown
Tersicoccus,51.3,0.0032379225488926,Micrococcaceae,Actinomycetales,Actinomycetia,Actinobacteriota
Leptospira,51.3,0.0021223912274495,Leptospiraceae,Leptospirales,Leptospirae,Spirochaetota
Janibacter,51.3,0.0031084056469369,Dermatophilaceae,Actinomycetales,Actinomycetia,Actinobacteriota
Corynebacterium,51.3,0.0031084056469369,Mycobacteriaceae,Mycobacteriales,Actinomycetia,Actinobacteriota
Sphingobium,51.3,0.0031084056469369,Sphingomonadaceae,Sphingomonadales,Alphaproteobacteria,Proteobacteria
Escherichia-Shigella,51.3,0.0031084056469369,Enterobacteriaceae,Enterobacterales,Gammaproteobacteria,Proteobacteria
Sphingomonas,51.3,0.0031084056469369,Sphingomonadaceae,Sphingomonadales,Alphaproteobacteria,Proteobacteria
Lawsonella,51.3,0.0031084056469369,Mycobacteriaceae,Mycobacteriales,Actinomycetia,Actinobacteriota
Sphingobium,51.3,0.0017650218709231,Sphingomonadaceae,Sphingomonadales,Alphaproteobacteria,Proteobacteria
Nannocystis,51.3,0.0020339582596391,Nannocystaceae,Nannocystales,Polyangia,Myxococcota
Amaricoccus,51.3,0.0150336045277679,Rhodobacteraceae,Rhodobacterales,Alphaproteobacteria,Proteobacteria
Amaricoccus,51.3,0.0090898761504374,Rhodobacteraceae,Rhodobacterales,Alphaproteobacteria,Proteobacteria
Hydrogenophaga,51.3,0.0026133393932507,Burkholderiaceae,Burkholderiales,Gammaproteobacteria,Proteobacteria
Sediminibacterium,51.3,0.0016882817895786,Chitinophagaceae,Chitinophagales,Bacteroidia,Bacteroidota
Ferruginibacter,51.3,0.0016882817895786,Chitinophagaceae,Chitinophagales,Bacteroidia,Bacteroidota
Chelatococcus,51.3,0.0019455252918287,Beijerinckiaceae,Rhizobiales,Alphaproteobacteria,Proteobacteria
OLB12,51.3,0.0092855498426828,Unknown,Unknown,Unknown,Unknown
OLB12,51.3,0.0139756845812975,Unknown,Unknown,Unknown,Unknown
Chelatococcus,51.3,0.0024997159413702,Beijerinckiaceae,Rhizobiales,Alphaproteobacteria,Proteobacteria
Leptothrix,51.3,0.0024997159413702,Unknown,Unknown,Unknown,Unknown
Candidatus Alysiosphaera,51.3,0.0028493718430255,Unknown,Unknown,Unknown,Unknown
Enhydrobacter,51.3,0.0028493718430255,Moraxellaceae,Pseudomonadales,Gammaproteobacteria,Proteobacteria
Candidatus Omnitrophus,51.3,0.0016115417082342,Unknown,Unknown,Unknown,Unknown
Legionella,51.3,0.0016115417082342,Legionellaceae,Legionellales,Gammaproteobacteria,Proteobacteria
Sphingobium,51.3,0.0018570923240183,Sphingomonadaceae,Sphingomonadales,Alphaproteobacteria,Proteobacteria
Salmonella,51.3,0.0018570923240183,Enterobacteriaceae,Enterobacterales,Gammaproteobacteria,Proteobacteria
Chelatococcus,51.3,0.0214007782101167,Beijerinckiaceae,Rhizobiales,Alphaproteobacteria,Proteobacteria
Pajaroellobacter,51.3,0.0023860924894898,Polyangiaceae,Polyangiales,Polyangia,Myxococcota
Ancylobacter,51.3,0.0023860924894898,Xanthobacteraceae,Rhizobiales,Alphaproteobacteria,Proteobacteria
Sphingobium,51.3,0.0023860924894898,Sphingomonadaceae,Sphingomonadales,Alphaproteobacteria,Proteobacteria
Bythopirellula,51.3,0.0268151346437904,Lacipirellulaceae,Pirellulales,Planctomycetia,Planctomycetota
Anaerococcus,51.3,0.0027198549410698,Peptoniphilaceae,Tissierellales,Clostridia,Firmicutes_A
Marmoricola,51.3,0.0027198549410698,Nocardioidaceae,Propionibacteriales,Actinomycetia,Actinobacteriota
Neochlamydia,51.3,0.0022724690376093,Parachlamydiaceae,Chlamydiales,Chlamydiia,Chlamydiota
Flavisolibacter,51.3,0.0022724690376093,Chitinophagaceae,Chitinophagales,Bacteroidia,Bacteroidota
Pir4 lineage,51.3,0.0022724690376093,Unknown,Unknown,Unknown,Unknown
Defluviimonas,51.3,0.0022724690376093,Rhodobacteraceae,Rhodobacterales,Alphaproteobacteria,Proteobacteria
Brevundimonas,51.3,0.0022724690376093,Caulobacteraceae,Caulobacterales,Alphaproteobacteria,Proteobacteria
Coxiella,51.3,0.0022724690376093,Unknown,Unknown,Unknown,Unknown
Neochlamydia,51.3,0.0022724690376093,Parachlamydiaceae,Chlamydiales,Chlamydiia,Chlamydiota
Methylobacterium-Methylorubrum,51.3,0.0025903380391141,Beijerinckiaceae,Rhizobiales,Alphaproteobacteria,Proteobacteria
Candidatus Berkiella,51.3,0.0014580615455452,Unknown,Unknown,Unknown,Unknown
Sideroxydans,51.3,0.0014580615455452,Gallionellaceae,Burkholderiales,Gammaproteobacteria,Proteobacteria
Rhodococcus,51.3,0.0129690737472181,Unknown,Unknown,Unknown,Unknown
Rhodococcus,51.3,0.0056597099398655,Unknown,Unknown,Unknown,Unknown
Phaeodactylibacter,51.3,0.0006139206507558,Saprospiraceae,Chitinophagales,Bacteroidia,Bacteroidota
Phaeodactylibacter,51.3,0.0012498579706851,Saprospiraceae,Chitinophagales,Bacteroidia,Bacteroidota
Terrimicrobium,51.3,0.0016802263883975,Terrimicrobiaceae,Chthoniobacterales,Verrucomicrobiae,Verrucomicrobiota
SM1A02,51.3,0.0021588455857288,SM1A02,Phycisphaerales,Phycisphaerae,Planctomycetota
Aminobacter,51.3,0.0021588455857288,Rhizobiaceae,Rhizobiales,Alphaproteobacteria,Proteobacteria
Planomicrobium,51.3,0.0024608211371583,Planococcaceae,Bacillales_A,Bacilli,Firmicutes
Desulfosporosinus,51.3,0.0024608211371583,Desulfitobacteriaceae,Desulfitobacteriales,Desulfitobacteriia,Firmicutes_B
Salmonella,51.3,0.0013813214642007,Enterobacteriaceae,Enterobacterales,Gammaproteobacteria,Proteobacteria
Pedomicrobium,51.3,0.0254516532212248,Hyphomicrobiaceae,Rhizobiales,Alphaproteobacteria,Proteobacteria
Bryobacter,51.3,0.0020452221338484,Bryobacteraceae,Bryobacterales,Acidobacteriae,Acidobacteriota
Sphingobium,51.3,0.0020452221338484,Sphingomonadaceae,Sphingomonadales,Alphaproteobacteria,Proteobacteria
Haemophilus,51.3,0.0023313042352026,Pasteurellaceae,Enterobacterales,Gammaproteobacteria,Proteobacteria
Psychrobacter,51.3,0.0023313042352026,Moraxellaceae,Pseudomonadales,Gammaproteobacteria,Proteobacteria
Brevundimonas,51.3,0.0023313042352026,Caulobacteraceae,Caulobacterales,Alphaproteobacteria,Proteobacteria
Edaphobaculum,51.3,0.0023313042352026,Unknown,Unknown,Unknown,Unknown
Leeia,51.3,0.0013045813828562,Leeiaceae,Burkholderiales,Gammaproteobacteria,Proteobacteria
Amaricoccus,51.3,0.0136186770428015,Rhodobacteraceae,Rhodobacterales,Alphaproteobacteria,Proteobacteria
Amaricoccus,51.3,0.0060220429496648,Rhodobacteraceae,Rhodobacterales,Alphaproteobacteria,Proteobacteria
Amaricoccus,51.3,0.053763440860215,Rhodobacteraceae,Rhodobacterales,Alphaproteobacteria,Proteobacteria
SWB02,51.3,0.0013045813828562,Unknown,Unknown,Unknown,Unknown
Parachlamydia,51.3,0.0013045813828562,Parachlamydiaceae,Chlamydiales,Chlamydiia,Chlamydiota
Limosilactobacillus,51.3,0.0013045813828562,Lactobacillaceae,Lactobacillales,Bacilli,Firmicutes
Neochlamydia,51.3,0.0013045813828562,Parachlamydiaceae,Chlamydiales,Chlamydiia,Chlamydiota
Bythopirellula,51.3,0.0013045813828562,Lacipirellulaceae,Pirellulales,Planctomycetia,Planctomycetota
Flavisolibacter,51.3,0.0013045813828562,Chitinophagaceae,Chitinophagales,Bacteroidia,Bacteroidota
Chthoniobacter,51.3,0.0195436858860983,Chthoniobacteraceae,Chthoniobacterales,Verrucomicrobiae,Verrucomicrobiota
Enterococcus,51.3,0.0006190307746727,Enterococcaceae,Lactobacillales,Bacilli,Firmicutes
Enterococcus,51.3,0.001295169019557,Enterococcaceae,Lactobacillales,Bacilli,Firmicutes
mle1-7,51.3,0.060931899641577,Unknown,Unknown,Unknown,Unknown
Flavobacterium,51.3,0.0022017873332469,Flavobacteriaceae,Flavobacteriales,Bacteroidia,Bacteroidota
Pseudoxanthomonas,51.3,0.0022017873332469,Xanthomonadaceae,Xanthomonadales,Gammaproteobacteria,Proteobacteria
Legionella,51.3,0.0012278413015117,Legionellaceae,Legionellales,Gammaproteobacteria,Proteobacteria
Pir4 lineage,51.3,0.0191015210470463,Unknown,Unknown,Unknown,Unknown
Nannocystis,51.3,0.0012278413015117,Nannocystaceae,Nannocystales,Polyangia,Myxococcota
Agrococcus,51.3,0.0012278413015117,Microbacteriaceae,Actinomycetales,Actinomycetia,Actinobacteriota
Chelatococcus,51.3,0.0014149274849663,Beijerinckiaceae,Rhizobiales,Alphaproteobacteria,Proteobacteria
Chelatococcus,51.3,0.0014149274849663,Beijerinckiaceae,Rhizobiales,Alphaproteobacteria,Proteobacteria
Pseudonocardia,51.3,0.0018179752300874,Pseudonocardiaceae,Mycobacteriales,Actinomycetia,Actinobacteriota
Legionella,51.3,0.0018179752300874,Legionellaceae,Legionellales,Gammaproteobacteria,Proteobacteria
Mesorhizobium,51.3,0.013889954723352,Rhizobiaceae,Rhizobiales,Alphaproteobacteria,Proteobacteria
Mesorhizobium,51.3,0.0029182879377431,Rhizobiaceae,Rhizobiales,Alphaproteobacteria,Proteobacteria
Candidatus Protochlamydia,51.3,0.0018179752300874,Unknown,Unknown,Unknown,Unknown
Pseudomonas,51.3,0.0020722704312912,Pseudomonadaceae,Pseudomonadales,Gammaproteobacteria,Proteobacteria
Friedmanniella,51.3,0.0020722704312912,Propionibacteriaceae,Propionibacteriales,Actinomycetia,Actinobacteriota
Dietzia,51.3,0.0020722704312912,Unknown,Unknown,Unknown,Unknown
Schlegelella,51.3,0.027198549410698,Burkholderiaceae,Burkholderiales,Gammaproteobacteria,Proteobacteria
Altererythrobacter,51.3,0.001704351778207,Erythrobacteraceae,Sphingomonadales,Alphaproteobacteria,Proteobacteria
Aminobacter,51.3,0.001704351778207,Rhizobiaceae,Rhizobiales,Alphaproteobacteria,Proteobacteria
Caulobacter,51.3,0.0019427535293355,Caulobacteraceae,Caulobacterales,Alphaproteobacteria,Proteobacteria
Chelatococcus,51.3,0.0183940573045631,Beijerinckiaceae,Rhizobiales,Alphaproteobacteria,Proteobacteria
Stenotrophomonas,51.3,0.0019427535293355,Xanthomonadaceae,Xanthomonadales,Gammaproteobacteria,Proteobacteria
Corynebacterium,51.3,0.0019427535293355,Mycobacteriaceae,Mycobacteriales,Actinomycetia,Actinobacteriota
Coxiella,51.3,0.0010743611388228,Unknown,Unknown,Unknown,Unknown
Legionella,51.3,0.0010743611388228,Legionellaceae,Legionellales,Gammaproteobacteria,Proteobacteria
Pedomicrobium,51.3,0.0015907283263265,Hyphomicrobiaceae,Rhizobiales,Alphaproteobacteria,Proteobacteria
Solimonas,51.3,0.0015907283263265,Nevskiaceae,Nevskiales,Gammaproteobacteria,Proteobacteria
Brevundimonas,51.3,0.0018132366273798,Caulobacteraceae,Caulobacterales,Alphaproteobacteria,Proteobacteria
Nocardioides,51.3,0.0018132366273798,Nocardioidaceae,Propionibacteriales,Actinomycetia,Actinobacteriota
Actinomyces,51.3,0.0018132366273798,Actinomycetaceae,Actinomycetales,Actinomycetia,Actinobacteriota
Neisseria,51.3,0.0018132366273798,Neisseriaceae,Burkholderiales,Gammaproteobacteria,Proteobacteria
Luteolibacter,51.3,0.0018132366273798,Akkermansiaceae,Verrucomicrobiales,Verrucomicrobiae,Verrucomicrobiota
Salegentibacter,51.3,0.0009976210574783,Flavobacteriaceae,Flavobacteriales,Bacteroidia,Bacteroidota
Rhodopirellula,51.3,0.001477104874446,Pirellulaceae,Pirellulales,Planctomycetia,Planctomycetota
OLB13,51.3,0.001477104874446,A4b,Aggregatilineales,Anaerolineae,Chloroflexota
Methyloversatilis,51.3,0.0213337426137671,Rhodocyclaceae,Burkholderiales,Gammaproteobacteria,Proteobacteria
Methyloversatilis,51.3,0.0496993279094446,Rhodocyclaceae,Burkholderiales,Gammaproteobacteria,Proteobacteria
Methyloversatilis,51.3,0.0052266787865015,Rhodocyclaceae,Burkholderiales,Gammaproteobacteria,Proteobacteria
Hyphomicrobium,51.3,0.046594982078853,Hyphomicrobiaceae,Rhizobiales,Alphaproteobacteria,Proteobacteria
Oerskovia,51.3,0.0016837197254241,Cellulomonadaceae,Actinomycetales,Actinomycetia,Actinobacteriota
Cohnella,51.3,0.0016837197254241,Paenibacillaceae,Paenibacillales,Bacilli,Firmicutes
Sphingobium,51.3,0.0009208809761338,Sphingomonadaceae,Sphingomonadales,Alphaproteobacteria,Proteobacteria
Legionella,51.3,0.0009208809761338,Legionellaceae,Legionellales,Gammaproteobacteria,Proteobacteria
Acidiphilium,51.3,0.0106668713068835,Acetobacteraceae,Acetobacterales,Alphaproteobacteria,Proteobacteria
Acidiphilium,51.3,0.0012380615493455,Acetobacteraceae,Acetobacterales,Alphaproteobacteria,Proteobacteria
Acidiphilium,51.3,0.0037495739120554,Acetobacteraceae,Acetobacterales,Alphaproteobacteria,Proteobacteria
Acidiphilium,51.3,0.0007771014117342,Acetobacteraceae,Acetobacterales,Alphaproteobacteria,Proteobacteria
Marisediminicola,51.3,0.0009208809761338,Microbacteriaceae,Actinomycetales,Actinomycetia,Actinobacteriota
Pir4 lineage,51.3,0.0010611956137247,Unknown,Unknown,Unknown,Unknown
Pajaroellobacter,51.3,0.0010611956137247,Polyangiaceae,Polyangiales,Polyangia,Myxococcota
Candidatus Omnitrophus,51.3,0.0010611956137247,Unknown,Unknown,Unknown,Unknown
Marinoscillum,51.3,0.0010611956137247,Cyclobacteriaceae,Cytophagales,Bacteroidia,Bacteroidota
Candidatus Nitrosotenuis,51.3,0.0006190307746727,Unknown,Unknown,Unknown,Unknown
Candidatus Nitrosotenuis,51.3,0.0005681172594023,Unknown,Unknown,Unknown,Unknown
Mesorhizobium,51.3,0.0118179725270508,Rhizobiaceae,Rhizobiales,Alphaproteobacteria,Proteobacteria
Mesorhizobium,51.3,0.0032720198089847,Rhizobiaceae,Rhizobiales,Alphaproteobacteria,Proteobacteria
Blastococcus,51.3,0.0013634814225656,Geodermatophilaceae,Mycobacteriales,Actinomycetia,Actinobacteriota
Aquisphaera,51.3,0.0013634814225656,Isosphaeraceae,Isosphaerales,Planctomycetia,Planctomycetota
Pajaroellobacter,51.3,0.0013634814225656,Polyangiaceae,Polyangiales,Polyangia,Myxococcota
Opitutus,51.3,0.0013634814225656,Opitutaceae,Opitutales,Verrucomicrobiae,Verrucomicrobiota
Devosia,51.3,0.0013634814225656,Devosiaceae,Rhizobiales,Alphaproteobacteria,Proteobacteria
Brevundimonas,51.3,0.043010752688172,Caulobacteraceae,Caulobacterales,Alphaproteobacteria,Proteobacteria
Brachybacterium,51.3,0.0015542028234684,Dermabacteraceae,Actinomycetales,Actinomycetia,Actinobacteriota
Magnetospirillum,51.3,0.0015542028234684,Magnetospirillaceae,Rhodospirillales,Alphaproteobacteria,Proteobacteria
Sphingomonas,51.3,0.0015542028234684,Sphingomonadaceae,Sphingomonadales,Alphaproteobacteria,Proteobacteria
Pir4 lineage,51.3,0.0201113509828428,Unknown,Unknown,Unknown,Unknown
Pir4 lineage,51.3,0.046594982078853,Unknown,Unknown,Unknown,Unknown
Legionella,51.3,0.0015542028234684,Legionellaceae,Legionellales,Gammaproteobacteria,Proteobacteria
Gaiella,51.3,0.0015542028234684,Gaiellaceae,Gaiellales,Thermoleophilia,Actinobacteriota
Aquamicrobium,51.3,0.0015542028234684,Phyllobacteriaceae,Rhizobiales,Alphaproteobacteria,Proteobacteria
Microbacterium,51.3,0.0015542028234684,Microbacteriaceae,Actinomycetales,Actinomycetia,Actinobacteriota
Parafilimonas,51.3,0.0008441408947893,Chitinophagaceae,Chitinophagales,Bacteroidia,Bacteroidota
Coxiella,51.3,0.0012498579706851,Unknown,Unknown,Unknown,Unknown
Devosia,51.3,0.0012498579706851,Devosiaceae,Rhizobiales,Alphaproteobacteria,Proteobacteria
Labrys,51.3,0.0012498579706851,Unknown,Unknown,Unknown,Unknown
Afipia,51.3,0.0012498579706851,Xanthobacteraceae,Rhizobiales,Alphaproteobacteria,Proteobacteria
Candidatus Ovatusbacter,51.3,0.0012498579706851,Unknown,Unknown,Unknown,Unknown
Afipia,51.3,0.0014246859215127,Xanthobacteraceae,Rhizobiales,Alphaproteobacteria,Proteobacteria
Methylocella,51.3,0.0014246859215127,Beijerinckiaceae,Rhizobiales,Alphaproteobacteria,Proteobacteria
Listeria,51.3,0.0007674008134448,Listeriaceae,Lactobacillales,Bacilli,Firmicutes
Candidatus Planktophila,51.3,0.0007674008134448,Unknown,Unknown,Unknown,Unknown
Sediminibacterium,51.3,0.0008843296781039,Chitinophagaceae,Chitinophagales,Bacteroidia,Bacteroidota
SWB02,51.3,0.0011362345188046,Unknown,Unknown,Unknown,Unknown
Pir4 lineage,51.3,0.0011362345188046,Unknown,Unknown,Unknown,Unknown
Bauldia,51.3,0.0011362345188046,Kaistiaceae,Rhizobiales,Alphaproteobacteria,Proteobacteria
Gemmata,51.3,0.001295169019557,Gemmataceae,Gemmatales,Planctomycetia,Planctomycetota
Sphingopyxis,51.3,0.0006906607321003,Sphingomonadaceae,Sphingomonadales,Alphaproteobacteria,Proteobacteria
Candidatus Bealeia,51.3,0.0006906607321003,Unknown,Unknown,Unknown,Unknown
SM1A02,51.3,0.0007958967102935,SM1A02,Phycisphaerales,Phycisphaerae,Planctomycetota
Hyphomicrobium,51.3,0.0170435177820702,Hyphomicrobiaceae,Rhizobiales,Alphaproteobacteria,Proteobacteria
Hyphomicrobium,51.3,0.1290322580645161,Hyphomicrobiaceae,Rhizobiales,Alphaproteobacteria,Proteobacteria
Salmonella,51.3,0.0010226110669242,Enterobacteriaceae,Enterobacterales,Gammaproteobacteria,Proteobacteria
Solirubrobacter,51.3,0.0011656521176013,Solirubrobacteraceae,Solirubrobacterales,Thermoleophilia,Actinobacteriota
Pseudorhodoplanes,51.3,0.0034533036605018,Xanthobacteraceae,Rhizobiales,Alphaproteobacteria,Proteobacteria
Pseudorhodoplanes,51.3,0.0076936681995047,Xanthobacteraceae,Rhizobiales,Alphaproteobacteria,Proteobacteria
Pseudorhodoplanes,51.3,0.0060220429496648,Xanthobacteraceae,Rhizobiales,Alphaproteobacteria,Proteobacteria
Nevskia,51.3,0.0011656521176013,Nevskiaceae,Nevskiales,Gammaproteobacteria,Proteobacteria
Segetibacter,51.3,0.0011656521176013,Chitinophagaceae,Chitinophagales,Bacteroidia,Bacteroidota
Bdellovibrio,51.3,0.0006139206507558,Bdellovibrionaceae,Bdellovibrionales,Bdellovibrionia,Bdellovibrionota
Rickettsia,51.3,0.0006139206507558,Rickettsiaceae,Rickettsiales,Alphaproteobacteria,Proteobacteria
Rubinisphaera,51.3,0.0038370040672243,Planctomycetaceae,Planctomycetales,Planctomycetia,Planctomycetota
Rubinisphaera,51.3,0.0641139016625398,Planctomycetaceae,Planctomycetales,Planctomycetia,Planctomycetota
Rubinisphaera,51.3,0.0098852403136007,Planctomycetaceae,Planctomycetales,Planctomycetia,Planctomycetota
Rubinisphaera,51.3,0.017921146953405,Planctomycetaceae,Planctomycetales,Planctomycetia,Planctomycetota
Rubinisphaera,51.3,0.0009066183136899,Planctomycetaceae,Planctomycetales,Planctomycetia,Planctomycetota
Pedomicrobium,51.3,0.0206794682422452,Hyphomicrobiaceae,Rhizobiales,Alphaproteobacteria,Proteobacteria
Ferroplasma,51.3,0.0006139206507558,Thermoplasmataceae,Thermoplasmatales,Thermoplasmata,Thermoplasmatota
Legionella,51.3,0.0007074637424831,Legionellaceae,Legionellales,Gammaproteobacteria,Proteobacteria
Novosphingobium,51.3,0.0007074637424831,Sphingomonadaceae,Sphingomonadales,Alphaproteobacteria,Proteobacteria
Dyadobacter,51.3,0.0007074637424831,Spirosomaceae,Cytophagales,Bacteroidia,Bacteroidota
Prosthecobacter,51.3,0.0007074637424831,Verrucomicrobiaceae,Verrucomicrobiales,Verrucomicrobiae,Verrucomicrobiota
Bauldia,51.3,0.0009089876150437,Kaistiaceae,Rhizobiales,Alphaproteobacteria,Proteobacteria
Neochlamydia,51.3,0.010897091550917,Parachlamydiaceae,Chlamydiales,Chlamydiia,Chlamydiota
Neochlamydia,51.3,0.0043176911714577,Parachlamydiaceae,Chlamydiales,Chlamydiia,Chlamydiota
Aquicella,51.3,0.0009089876150437,Coxiellaceae,Coxiellales,Gammaproteobacteria,Proteobacteria
Aquamicrobium,51.3,0.0010361352156456,Phyllobacteriaceae,Rhizobiales,Alphaproteobacteria,Proteobacteria
Candidatus Omnitrophus,51.3,0.0005371805694114,Unknown,Unknown,Unknown,Unknown
Bauldia,51.3,0.0005371805694114,Kaistiaceae,Rhizobiales,Alphaproteobacteria,Proteobacteria
Novosphingobium,51.3,0.0006190307746727,Sphingomonadaceae,Sphingomonadales,Alphaproteobacteria,Proteobacteria
Candidatus Ovatusbacter,51.3,0.0006190307746727,Unknown,Unknown,Unknown,Unknown
Neochlamydia,51.3,0.0007953641631632,Parachlamydiaceae,Chlamydiales,Chlamydiia,Chlamydiota
Nannocystis,51.3,0.0007953641631632,Nannocystaceae,Nannocystales,Polyangia,Myxococcota
Planctopirus,51.3,0.025089605734767,Planctomycetaceae,Planctomycetales,Planctomycetia,Planctomycetota
Terrimicrobium,51.3,0.0004604404880669,Terrimicrobiaceae,Chthoniobacterales,Verrucomicrobiae,Verrucomicrobiota
IS-44,51.3,0.0197704806272014,Unknown,Unknown,Unknown,Unknown
Coxiella,51.3,0.0004604404880669,Unknown,Unknown,Unknown,Unknown
Reyranella,51.3,0.0004604404880669,Reyranellaceae,Reyranellales,Alphaproteobacteria,Proteobacteria
Leptospira,51.3,0.0005305978068623,Leptospiraceae,Leptospirales,Leptospirae,Spirochaetota
Candidatus Protochlamydia,51.3,0.0005305978068623,Unknown,Unknown,Unknown,Unknown
Flavisolibacter,51.3,0.0005305978068623,Chitinophagaceae,Chitinophagales,Bacteroidia,Bacteroidota
Gemmata,51.3,0.0005305978068623,Gemmataceae,Gemmatales,Planctomycetia,Planctomycetota
Chelatococcus,51.3,0.0151220374955783,Beijerinckiaceae,Rhizobiales,Alphaproteobacteria,Proteobacteria
Sulfuritalea,51.3,0.0006817407112828,Rhodocyclaceae,Burkholderiales,Gammaproteobacteria,Proteobacteria
Nitriliruptor,51.3,0.0006817407112828,Nitriliruptoraceae,Nitriliruptorales,Actinomycetia,Actinobacteriota
Bdellovibrio,51.3,0.0006817407112828,Bdellovibrionaceae,Bdellovibrionales,Bdellovibrionia,Bdellovibrionota
Bdellovibrio,51.3,0.0006817407112828,Bdellovibrionaceae,Bdellovibrionales,Bdellovibrionia,Bdellovibrionota
Pir4 lineage,51.3,0.0149451715599575,Unknown,Unknown,Unknown,Unknown
Candidatus Omnitrophus,51.3,0.0007771014117342,Unknown,Unknown,Unknown,Unknown
Neochlamydia,51.3,0.0003837004067224,Parachlamydiaceae,Chlamydiales,Chlamydiia,Chlamydiota
Reyranella,51.3,0.0003837004067224,Reyranellaceae,Reyranellales,Alphaproteobacteria,Proteobacteria
Terrimicrobium,51.3,0.0003837004067224,Terrimicrobiaceae,Chthoniobacterales,Verrucomicrobiae,Verrucomicrobiota
Hyphomicrobium,51.3,0.0003837004067224,Hyphomicrobiaceae,Rhizobiales,Alphaproteobacteria,Proteobacteria
Sulfuritalea,51.3,0.0028393830097459,Rhodocyclaceae,Burkholderiales,Gammaproteobacteria,Proteobacteria
Sulfuritalea,51.3,0.0106119561372479,Rhodocyclaceae,Burkholderiales,Gammaproteobacteria,Proteobacteria
Sulfuritalea,51.3,0.0014246859215127,Rhodocyclaceae,Burkholderiales,Gammaproteobacteria,Proteobacteria
Acidithiobacillus,51.3,0.0004421648390519,Acidithiobacillaceae,Acidithiobacillales,Gammaproteobacteria,Proteobacteria
SM1A02,51.3,0.0127388535031847,SM1A02,Phycisphaerales,Phycisphaerae,Planctomycetota
Anaerococcus,51.3,0.0005681172594023,Peptoniphilaceae,Tissierellales,Clostridia,Firmicutes_A
Thermaerobacter,51.3,0.0006475845097785,Thermaerobacteraceae,Thermaerobacterales,Thermaerobacteria,Firmicutes_E
MM2,51.3,0.0006475845097785,Methylophilaceae,Burkholderiales,Gammaproteobacteria,Proteobacteria
Acidithiobacillus,51.3,0.0006475845097785,Acidithiobacillaceae,Acidithiobacillales,Gammaproteobacteria,Proteobacteria
Finegoldia,51.3,0.0006475845097785,Peptoniphilaceae,Tissierellales,Clostridia,Firmicutes_A
DSSD61,51.3,0.0126621134218402,Unknown,Unknown,Unknown,Unknown
Bryobacter,51.3,0.0006475845097785,Bryobacteraceae,Bryobacterales,Acidobacteriae,Acidobacteriota
Parafilimonas,51.3,0.0006475845097785,Chitinophagaceae,Chitinophagales,Bacteroidia,Bacteroidota
Jatrophihabitans,51.3,0.0006475845097785,Jatrophihabitantaceae,Mycobacteriales,Actinomycetia,Actinobacteriota
Salegentibacter,51.3,0.0003069603253779,Flavobacteriaceae,Flavobacteriales,Bacteroidia,Bacteroidota
Segetibacter,51.3,0.0003537318712415,Chitinophagaceae,Chitinophagales,Bacteroidia,Bacteroidota
SWB02,51.3,0.0004544938075218,Unknown,Unknown,Unknown,Unknown
Corynebacterium,51.3,0.0059084194977843,Mycobacteriaceae,Mycobacteriales,Actinomycetia,Actinobacteriota
Corynebacterium,51.3,0.0142468592151275,Mycobacteriaceae,Mycobacteriales,Actinomycetia,Actinobacteriota
Estrella,51.3,0.0005180676078228,Criblamydiaceae,Chlamydiales,Chlamydiia,Chlamydiota
Corynebacterium,51.3,0.0005180676078228,Mycobacteriaceae,Mycobacteriales,Actinomycetia,Actinobacteriota
Weissella,51.3,0.0005180676078228,Lactobacillaceae,Lactobacillales,Bacilli,Firmicutes
Mesorhizobium,51.3,0.0002302202440334,Rhizobiaceae,Rhizobiales,Alphaproteobacteria,Proteobacteria
Candidatus Berkiella,51.3,0.0002302202440334,Unknown,Unknown,Unknown,Unknown
Segetibacter,51.3,0.0002302202440334,Chitinophagaceae,Chitinophagales,Bacteroidia,Bacteroidota
Pseudoxanthobacter,51.3,0.0002302202440334,Pseudoxanthobacteraceae,Rhizobiales,Alphaproteobacteria,Proteobacteria
SWB02,51.3,0.0003408703556414,Unknown,Unknown,Unknown,Unknown
Cucumibacter,51.3,0.0003408703556414,Devosiaceae,Rhizobiales,Alphaproteobacteria,Proteobacteria
Candidatus Methylopumilus,51.3,0.0003408703556414,Unknown,Unknown,Unknown,Unknown
Brevundimonas,51.3,0.0003408703556414,Caulobacteraceae,Caulobacterales,Alphaproteobacteria,Proteobacteria
Coxiella,51.3,0.0003408703556414,Unknown,Unknown,Unknown,Unknown
Thalassobaculum,51.3,0.010752688172043,Thalassobaculaceae,Thalassobaculales,Alphaproteobacteria,Proteobacteria
Acinetobacter,51.3,0.0003885507058671,Moraxellaceae,Pseudomonadales,Gammaproteobacteria,Proteobacteria
Corynebacterium,51.3,0.0003885507058671,Mycobacteriaceae,Mycobacteriales,Actinomycetia,Actinobacteriota
Acinetobacter,51.3,0.0003885507058671,Moraxellaceae,Pseudomonadales,Gammaproteobacteria,Proteobacteria
Candidatus Protochlamydia,51.3,0.0003885507058671,Unknown,Unknown,Unknown,Unknown
Chryseolinea,51.3,0.0001534801626889,Cyclobacteriaceae,Cytophagales,Bacteroidia,Bacteroidota
Brevundimonas,51.3,0.0001534801626889,Caulobacteraceae,Caulobacterales,Alphaproteobacteria,Proteobacteria
Candidatus Berkiella,51.3,0.0001768659356207,Unknown,Unknown,Unknown,Unknown
Pseudoxanthobacter,51.3,0.0001768659356207,Pseudoxanthobacteraceae,Rhizobiales,Alphaproteobacteria,Proteobacteria
Cucumibacter,51.3,0.0002272469037609,Devosiaceae,Rhizobiales,Alphaproteobacteria,Proteobacteria
Pseudonocardia,51.3,0.0002590338039114,Pseudonocardiaceae,Mycobacteriales,Actinomycetia,Actinobacteriota
Acinetobacter,51.3,0.0002590338039114,Moraxellaceae,Pseudomonadales,Gammaproteobacteria,Proteobacteria
Sulfurifustis,51.3,7.674008134448623e-05,Sulfurifustaceae,Acidiferrobacterales,Gammaproteobacteria,Proteobacteria
Elstera,51.3,8.843296781039972e-05,Elsteraceae,Elsterales,Alphaproteobacteria,Proteobacteria
Psychrobacter,51.3,8.843296781039972e-05,Moraxellaceae,Pseudomonadales,Gammaproteobacteria,Proteobacteria
DSSD61,51.3,8.843296781039972e-05,Unknown,Unknown,Unknown,Unknown
Bryobacter,51.3,8.843296781039972e-05,Bryobacteraceae,Bryobacterales,Acidobacteriae,Acidobacteriota
Pseudorhodoplanes,51.3,0.0080474000707463,Xanthobacteraceae,Rhizobiales,Alphaproteobacteria,Proteobacteria
Pseudorhodoplanes,51.3,0.0071582774684694,Xanthobacteraceae,Rhizobiales,Alphaproteobacteria,Proteobacteria
Acinetobacter,51.3,0.0001295169019557,Moraxellaceae,Pseudomonadales,Gammaproteobacteria,Proteobacteria
Acinetobacter,51.3,0.0001295169019557,Moraxellaceae,Pseudomonadales,Gammaproteobacteria,Proteobacteria
Acinetobacter,51.3,0.0001295169019557,Moraxellaceae,Pseudomonadales,Gammaproteobacteria,Proteobacteria
Acinetobacter,51.3,0.0001295169019557,Moraxellaceae,Pseudomonadales,Gammaproteobacteria,Proteobacteria
Aquabacter,51.3,0.0001295169019557,Xanthobacteraceae,Rhizobiales,Alphaproteobacteria,Proteobacteria
Cutibacterium,51.3,0.0199456029011786,Propionibacteriaceae,Propionibacteriales,Actinomycetia,Actinobacteriota
